Name; Median Time; Min Time; Max Time; Median Frame Index; Min Frame Index; Max Frame Index; Min Depth; Max Depth; Total Time; Mean Time; Time Lower Quartile; Time Upper Quartile; Count Total; Count Median; Count Min; Count Max; Number of frames containing Marker; First Frame Index; Time Min Individual; Time Max Individual; Min Individual Frame; Max Individual Frame; Time at Median Frame
"PlayerLoop";5.1682;0.0002;14.3166;607;794;681;1;1;1592.52289593489;5.30841;4.869401;5.7343;898;3;1;3;300;495;0;13.8866;503;681;5.5209
"Semaphore.WaitForSignal";4.4548;0.0063;13.706;571;682;681;3;8;1369.53449607777;4.580383;4.1534;4.9758;677;2;1;3;299;495;0.0001;13.6953;682;681;4.7767
"Gfx.WaitForPresentOnGfxThread";4.4377;0.0004;13.6969;571;682;681;2;2;1366.89120044591;4.571542;4.1492;4.9681;299;1;1;1;299;495;0.0004;13.6969;682;681;4.7705
"EditorLoop";1.2009;0.0159;42.2504;531;794;792;1;1;439.688996842131;1.46563;1.095;1.3603;898;3;1;3;300;495;0.0159;41.1914;794;792;1.0549
"Camera.Render";0.3182;0.2177;1.3216;511;508;583;2;2;103.481199264526;0.346091;0.2785;0.3635;299;1;1;1;299;495;0.2177;1.3216;508;583;0.2841
"Profiler.FlushCounters";0.3012;0.1661;1.0797;654;680;793;1;1;97.1151998490095;0.3237173;0.2443;0.3602;300;1;1;1;300;495;0.1661;1.0797;680;793;0.2021
"Profiler.FlushMemoryCounters";0.2788;0.155;1.0268;770;680;793;2;2;90.9733994454145;0.3032447;0.228;0.3369;300;1;1;1;300;495;0.155;1.0268;680;793;0.1881
"Camera.ImageEffects";0.1845;0.1245;0.6694;748;508;583;3;4;62.5854998568029;0.2093161;0.159;0.2289;897;3;3;3;299;495;0.0001;0.3351;495;583;0.1645
"FixedUpdate.PhysicsFixedUpdate";0.1237;0.1017;0.3539;636;618;793;2;2;14.0100999623537;0.1334295;0.113;0.145;107;1;1;3;105;495;0.077;0.1999;793;627;0.1393
"Drawing";0.1114;0.0814;0.4031;700;508;583;3;3;36.3373999148607;0.1215298;0.1018;0.1287;299;1;1;1;299;495;0.0814;0.4031;508;583;0.1074
"Physics.Processing";0.1;0.083;0.2998;532;618;793;3;3;11.3154999986291;0.1077667;0.0931;0.1152;107;1;1;3;105;495;0.0722;0.1535;793;627;0.1115
"Render.OpaqueGeometry";0.0917;0.0659;0.325;741;745;583;4;4;29.9496999308467;0.1001662;0.0841;0.1052;299;1;1;1;299;495;0.0659;0.325;745;583;0.0886
"RayMarchingMaster";0.09;0.0603;0.3249;783;508;583;5;5;30.4205999299884;0.1017411;0.0773;0.1111;299;1;1;1;299;495;0.0603;0.3249;508;583;0.08
"Assembly-CSharp.dll!::RayMarchingMaster.OnRenderImage() [Invoke]";0.0888;0.0595;0.3214;748;508;583;6;6;30.0347999222577;0.1004508;0.0763;0.1097;299;1;1;1;299;495;0.0595;0.3214;508;583;0.0787
"RenderForwardOpaque.Render";0.0748;0.0487;0.2155;526;745;583;5;5;24.2972000092268;0.08126154;0.0677;0.0873;299;1;1;1;299;495;0.0487;0.2155;745;583;0.0727
"Culling";0.0426;0.0274;0.2675;703;508;583;3;3;14.8253999091685;0.04958328;0.037;0.0552;299;1;1;1;299;495;0.0274;0.2675;508;583;0.0392
"UpdateScreenManagerAndInput";0.032;0.0175;0.0696;500;538;567;2;2;9.86879993416369;0.03300602;0.0281;0.0358;299;1;1;1;299;495;0.0175;0.0696;538;567;0.0224
"Shadows.RenderShadowMap";0.0312;0.0148;0.0851;598;623;690;6;6;9.72719995398074;0.03253244;0.0272;0.0358;299;1;1;1;299;495;0.0148;0.0851;623;690;0.0289
"Update.ScriptRunBehaviourUpdate";0.0309;0.0212;0.1003;705;675;569;2;2;10.4159999471158;0.03483612;0.0266;0.0388;299;1;1;1;299;495;0.0212;0.1003;675;569;0.0302
"BehaviourUpdate";0.0306;0.0208;0.0989;530;675;569;3;3;10.2753999643028;0.03436588;0.0264;0.0382;299;1;1;1;299;495;0.0208;0.0989;675;569;0.03
"UpdateDepthTexture";0.0262;0.0168;0.1319;529;606;583;3;3;8.66709993779659;0.02898696;0.0221;0.0323;299;1;1;1;299;495;0.0168;0.1319;606;583;0.0229
"SceneCulling";0.0233;0.0154;0.1241;661;508;583;4;4;7.92739995010197;0.02651304;0.0208;0.029;299;1;1;1;299;495;0.0154;0.1241;508;583;0.0208
"GUI.Repaint";0.0214;0.0156;0.101;549;508;583;2;2;6.94469994865358;0.02322642;0.0187;0.0247;299;1;1;1;299;495;0.0156;0.101;508;583;0.0199
"UnityEngine.UI.dll!UnityEngine.EventSystems::EventSystem.Update() [Invoke]";0.0211;0.0134;0.0688;580;646;569;4;4;6.99409996904433;0.02339164;0.0183;0.0256;299;1;1;1;299;495;0.0134;0.0688;646;569;0.0211
"EarlyUpdate.PollPlayerConnection";0.0209;0.0085;0.1993;762;784;763;2;2;6.87109999358654;0.02298027;0.0171;0.0252;299;1;1;1;299;495;0.0085;0.1993;784;763;0.0207
"RenderForwardOpaque.CollectShadows";0.0178;0.0123;0.0616;694;508;583;6;6;6.08619996998459;0.02035518;0.0158;0.0218;299;1;1;1;299;495;0.0123;0.0616;508;583;0.0171
"WaitForJobGroupID";0.0164;0.0051;0.064;567;623;690;4;7;5.32979996757058;0.01782542;0.0132;0.0207;1161;4;2;5;299;495;0.0002;0.0502;707;690;0.0128
"CullResults.CreateSharedRendererScene";0.0148;0.0101;0.0882;640;606;583;3;3;5.22619997337461;0.01747893;0.0131;0.0189;299;1;1;1;299;495;0.0101;0.0882;606;583;0.0132
"PreLateUpdate.ScriptRunBehaviourLateUpdate";0.0143;0.0096;0.0497;765;670;793;2;2;4.82489998545498;0.01613679;0.0125;0.0178;299;1;1;1;299;495;0.0096;0.0497;670;793;0.0154
"LateBehaviourUpdate";0.0141;0.0095;0.0494;674;624;793;3;3;4.75329996459186;0.01589732;0.0123;0.0175;299;1;1;1;299;495;0.0095;0.0494;624;793;0.0153
"Material.SetPassFast";0.0141;0.0089;0.0595;681;508;583;4;8;4.92979996977374;0.01648762;0.0119;0.0178;897;3;3;3;299;495;0.002;0.0295;508;583;0.0119
"RenderForward.RenderLoopJob";0.0141;0.0106;0.0567;787;599;793;6;6;4.91899998206645;0.0164515;0.0128;0.0174;299;1;1;1;299;495;0.0106;0.0567;599;793;0.0136
"FixedUpdate.ScriptRunDelayedFixedFrameRate";0.0133;0.0094;0.0439;503;680;584;2;2;1.58139998442493;0.01506095;0.0112;0.0169;107;1;1;3;105;495;0.0034;0.0439;793;584;0.0143
"UGUI.Rendering.RenderOverlays";0.0129;0.0079;0.0602;549;508;583;2;2;4.4239999698475;0.01479599;0.0104;0.0168;299;1;1;1;299;495;0.0079;0.0602;508;583;0.0101
"Cinemachine.dll!Cinemachine::CinemachineBrain.LateUpdate() [Invoke]";0.0127;0.0083;0.0452;725;670;793;4;4;4.28929998259991;0.01434548;0.0111;0.0158;299;1;1;1;299;495;0.0083;0.0452;670;793;0.0135
"Shadows.CollectShadows";0.0127;0.0089;0.0475;743;508;583;7;7;4.46929997112602;0.01494749;0.0113;0.016;299;1;1;1;299;495;0.0089;0.0475;508;583;0.0122
"Canvas.RenderOverlays";0.0122;0.0074;0.0575;641;508;583;3;3;4.19059997750446;0.01401538;0.0097;0.0156;299;1;1;1;299;495;0.0074;0.0575;508;583;0.0096
"Graphics.Blit";0.0122;0.0097;0.038;765;508;624;7;7;4.14469997445121;0.01386187;0.0112;0.0146;598;2;2;2;299;495;0.0044;0.0304;525;624;0.0114
"CullAllVisibleLights";0.0113;0.0062;0.0414;639;508;583;5;5;3.70239998167381;0.01238261;0.0094;0.0141;299;1;1;1;299;495;0.0062;0.0414;508;583;0.0092
"Profiler.CollectLegacyStats";0.0109;0.0061;0.0375;687;510;564;2;2;3.6654999833554;0.01221833;0.0091;0.0141;300;1;1;1;300;495;0.0061;0.0375;510;564;0.0088
"Shadows.PrepareShadowmap";0.0105;0.0091;0.0576;754;513;583;5;5;3.43939996603876;0.01150301;0.01;0.0118;299;1;1;1;299;495;0.0091;0.0576;513;583;0.0101
"PostLateUpdate.PlayerUpdateCanvases";0.0101;0.0068;0.0536;570;646;793;2;2;3.54039997654036;0.0118408;0.009;0.0131;299;1;1;1;299;495;0.0068;0.0536;646;793;0.0126
"UIEvents.WillRenderCanvases";0.0091;0.006;0.0399;639;646;793;3;3;3.18219998665154;0.01064281;0.008;0.012;299;1;1;1;299;495;0.006;0.0399;646;793;0.0116
"UGUI.Rendering.UpdateBatches";0.009;0.0059;0.0393;570;646;793;4;4;3.16309998650104;0.01057893;0.008;0.0119;299;1;1;1;299;495;0.0059;0.0393;646;793;0.0115
"PostLateUpdate.UpdateAudio";0.0089;0.0052;0.0329;779;646;567;2;2;2.99359997361898;0.01001204;0.0072;0.0112;299;1;1;1;299;495;0.0052;0.0329;646;567;0.0076
"Shadows.RenderJob";0.0088;0.0061;0.0292;511;623;769;7;7;2.71249998158601;0.009071906;0.0079;0.0094;1196;4;4;4;299;495;0.0001;0.0224;498;769;0.0089
"EditorConnection.CheckForIncomingConnections";0.0088;0.0036;0.0235;641;784;575;3;3;2.8174999835901;0.009423077;0.0072;0.0108;299;1;1;1;299;495;0.0036;0.0235;784;575;0.0106
"EndRenderQueueExtraction";0.0085;0.0056;0.0491;615;508;583;4;6;2.93259998376016;0.009808026;0.0074;0.0107;598;2;2;2;299;495;0.0016;0.0358;703;583;0.0075
"DepthPass.Job";0.0085;0.0051;0.0517;792;687;583;4;4;2.91179998544976;0.009738461;0.0072;0.011;299;1;1;1;299;495;0.0051;0.0517;687;583;0.0079
"PreUpdate.SendMouseEvents";0.0083;0.0046;0.1121;726;675;567;2;2;2.81839998671785;0.009426087;0.0071;0.0102;299;1;1;1;299;495;0.0046;0.1121;675;567;0.0088
"Monobehaviour.OnMouse_";0.0082;0.0046;0.112;706;675;567;3;3;2.79659998416901;0.009353178;0.007;0.0102;299;1;1;1;299;495;0.0046;0.112;675;567;0.0088
"Shadows.RenderJobDir";0.0081;0.0055;0.0282;686;623;769;8;8;2.51009998771042;0.008394984;0.0071;0.0088;1196;4;4;4;299;495;0;0.0217;547;769;0.0084
"AudioManager.Update";0.008;0.0046;0.0296;718;681;793;3;3;2.70559998322278;0.00904883;0.0064;0.0101;299;1;1;1;299;495;0.0046;0.0296;681;793;0.0065
"Physics.FetchResults";0.0079;0.0053;0.0225;729;616;793;3;3;0.957199995405972;0.00911619;0.0065;0.0103;107;1;1;3;105;495;0.0016;0.0192;793;793;0.0095
"TextRendering.Cleanup";0.0079;0.0036;0.01;769;706;738;4;6;0.0650999986100942;0.007233333;0.0059;0.0086;16;2;1;2;9;552;0.002;0.0061;676;738;0
"UnityEngine.IMGUIModule.dll!UnityEngine::GUIUtility.BeginGUI() [Invoke]";0.0078;0.0057;0.0387;760;522;583;3;3;2.56039998831693;0.00856321;0.0069;0.0091;598;2;2;2;299;495;0.0008;0.0366;506;583;0.0071
"Physics.Simulate";0.0078;0.0055;0.0159;788;633;512;3;3;0.900399998528883;0.008575238;0.0065;0.0099;107;1;1;3;105;495;0.0014;0.0159;793;512;0.0091
"UnityEngine.InputLegacyModule.dll!UnityEngine::SendMouseEvents.DoSendMouseEvents() [Invoke]";0.0076;0.0042;0.1096;554;675;567;4;4;2.56489999080077;0.00857826;0.0064;0.0092;299;1;1;1;299;495;0.0042;0.1096;675;567;0.0084
"EditorConnection.PollAllCustomMessages";0.0072;0.0026;0.0368;601;624;793;3;3;2.30089999129996;0.007695318;0.0058;0.0088;299;1;1;1;299;495;0.0026;0.0368;624;793;0.0066
"Cinemachine.dll!Cinemachine::CinemachineBrain.AfterPhysics() [Coroutine: MoveNext] [Invoke]";0.0069;0.0049;0.0259;695;592;584;4;4;0.865699995192699;0.008244762;0.0059;0.0093;107;1;1;3;105;495;0.0016;0.0259;793;584;0.0064
"UGUI.Rendering.EmitWorldScreenspaceCameraGeometry";0.0068;0.0038;0.0457;628;508;793;2;3;2.48059998833924;0.008296321;0.0057;0.0086;598;2;2;2;299;495;0.0002;0.0424;500;793;0.0061
"Camera.RenderSkybox";0.0065;0.0044;0.0301;572;537;793;4;4;2.32369998795912;0.007771572;0.0057;0.0086;299;1;1;1;299;495;0.0044;0.0301;537;793;0.0066
"Profiler.CollectAudioStats";0.0058;0.0027;0.0207;570;510;564;3;3;1.93579998909263;0.006452667;0.0046;0.0073;600;2;2;2;300;495;0.0005;0.0155;501;564;0.0043
"UIEvents.UIElementsRegisterRenderers";0.0057;0.003;0.0387;746;668;793;3;4;2.09499999285617;0.007006689;0.0049;0.0073;598;2;2;2;299;495;0;0.0377;498;793;0.0051
"PrepareSceneNodes";0.0055;0.0045;0.0433;746;513;583;5;5;1.99359998852015;0.006667559;0.0051;0.0068;299;1;1;1;299;495;0.0045;0.0433;513;583;0.0054
"UnityEngine.CoreModule.dll!UnityEngine.Experimental.Rendering::ScriptableRuntimeReflectionSystemWrapper.Internal_ScriptableRuntimeReflectionSystemWrapper_TickRealtimeProbes() [Invoke]";0.0054;0.0024;0.0293;518;687;584;2;2;1.71539999404922;0.005737124;0.004;0.0067;299;1;1;1;299;495;0.0024;0.0293;687;584;0.0054
"UnityEngine.UIModule.dll!UnityEngine::Canvas.SendWillRenderCanvases() [Invoke]";0.0051;0.0034;0.0206;734;646;793;5;5;1.76109999185428;0.005889967;0.0044;0.0066;299;1;1;1;299;495;0.0034;0.0206;646;793;0.0072
"Profiler.CollectPhysicsStats";0.0049;0.0031;0.0149;561;538;741;3;3;0.584599994821474;0.005567619;0.0041;0.0066;105;1;1;1;105;495;0.0031;0.0149;538;741;0.0069
"ExecuteRenderQueueJob";0.0049;0.0013;0.033;636;552;583;6;8;1.74989999999525;0.005852508;0.0041;0.0066;594;2;1;2;299;495;0.0008;0.0263;496;793;0.0042
"Profiler.FlushCountersWithFlushOnEndOfFrame";0.0049;0.0033;0.0215;664;532;714;2;2;1.79559999052435;0.005985333;0.0041;0.0065;300;1;1;1;300;495;0.0033;0.0215;532;714;0.0042
"UnityEngine.UIElementsNativeModule.dll!UnityEngine.UIElements.UIR::Utility.RaiseRegisterIntermediateRenderers() [Invoke]";0.0048;0.0024;0.0317;646;508;793;4;4;1.75129998731427;0.005857191;0.004;0.006;299;1;1;1;299;495;0.0024;0.0317;508;793;0.0039
"PhysX.NpScene.execution";0.0048;0.0032;0.0117;712;618;575;4;4;0.557399997138418;0.005308571;0.0041;0.0064;107;1;1;3;105;495;0.0009;0.0117;793;575;0.0057
"PrepareUpdateRendererBoundingVolumes";0.0045;0.0035;0.0261;530;522;583;3;6;1.4722999749938;0.00492408;0.0041;0.0051;1794;6;6;6;299;495;0.0001;0.0153;496;583;0.0045
"PhysX.ScScene.postBroadPhase2";0.0043;0.0034;0.0095;503;546;793;4;4;0.407299996120855;0.00437957;0.0039;0.0045;94;1;1;2;93;495;0.0034;0.0066;546;563;0.0048
"Shadows.PrepareJob";0.0042;0.0042;0.007;501;501;692;8;8;0.0111999996006489;0.0056;0.0042;0.0042;2;1;1;1;2;501;0.0042;0.007;501;692;0
"Shadows.CullDirectionalShadowCasters";0.004;0.0023;0.0154;589;606;583;6;6;1.27929999562912;0.004278595;0.0035;0.0047;299;1;1;1;299;495;0.0023;0.0154;606;583;0.0033
"FixedUpdate.ScriptRunBehaviourFixedUpdate";0.0039;0.0026;0.0107;589;624;584;2;2;0.473599998746067;0.004510476;0.0033;0.0052;107;1;1;3;105;495;0.0011;0.0107;793;584;0.005
"EarlyUpdate.ProcessRemoteInput";0.0038;0.0014;0.012;669;772;567;2;2;1.24739999428857;0.004171907;0.003;0.0049;299;1;1;1;299;495;0.0014;0.012;772;567;0.003
"PhysX.ScScene.islandInsertion";0.0038;0.0008;0.0075;718;793;627;4;4;0.118199999153148;0.003812903;0.0031;0.0045;31;1;1;1;31;497;0.0008;0.0075;793;627;0
"ReflectionProbes.Update";0.0037;0.0013;0.0177;685;687;793;3;3;1.15369999723043;0.003858528;0.0026;0.0045;299;1;1;1;299;495;0.0013;0.0177;687;793;0.0031
"ProcessRemoteInput";0.0037;0.0014;0.0118;759;772;567;3;3;1.22099999221973;0.004083612;0.0028;0.0048;299;1;1;1;299;495;0.0014;0.0118;772;567;0.0028
"PhysX.ScScene.destroyManagers";0.0034;0.0028;0.0124;546;549;793;4;4;0.179899999639019;0.003671429;0.0031;0.0038;51;1;1;3;49;495;0.0028;0.0048;549;793;0
"FixedBehaviourUpdate";0.0034;0.0022;0.0095;616;624;584;3;3;0.410799997975118;0.003912381;0.0029;0.0044;107;1;1;3;105;495;0.001;0.0095;793;584;0.0042
"BeginRenderQueueExtraction";0.0034;0.0024;0.0202;521;534;583;4;6;1.14019999152515;0.003813378;0.003;0.0041;598;2;2;2;299;495;0.001;0.0116;498;583;0.0032
"PlayerConnection.Poll";0.0033;0.0011;0.1707;623;784;763;3;3;1.29849998990539;0.004342809;0.0026;0.0042;299;1;1;1;299;495;0.0011;0.1707;784;763;0.0022
"TimeUpdate.WaitForLastPresentationAndUpdateTime";0.0033;0.0016;0.008;704;502;512;2;2;1.02619999460876;0.003432107;0.0027;0.0039;299;1;1;1;299;495;0.0016;0.008;502;512;0.002
"PhysX.ScScene.rigidBodyNarrowPhase";0.0032;0.0023;0.0083;718;506;759;4;4;0.274599999189377;0.003613158;0.0027;0.0043;76;1;1;1;76;495;0.0023;0.0083;506;759;0
"PhysX.ScScene.updateDynamics";0.0032;0.0024;0.0061;759;701;793;4;4;0.244399999501184;0.003491429;0.003;0.0038;70;1;1;1;70;495;0.0024;0.0061;701;793;0.0034
"BatchRenderer.Flush";0.0032;0.0023;0.0117;720;757;769;5;9;1.04219998686312;0.003485619;0.0029;0.0037;1495;5;5;5;299;495;0.0001;0.0076;502;769;0.0031
"EarlyUpdate.UpdateInputManager";0.0031;0.0016;0.014;570;681;525;2;2;1.16989999508951;0.003912709;0.0024;0.0047;299;1;1;1;299;495;0.0016;0.014;681;525;0.0055
"PhysX.ScScene.processLostContact2";0.003;0.0016;0.0041;552;692;715;4;4;0.230199999641627;0.002841975;0.0026;0.0031;81;1;1;1;81;497;0.0016;0.0041;692;715;0.0033
"CullSendEvents";0.003;0.0021;0.0182;629;668;583;5;5;1.00059999735095;0.003346488;0.0027;0.0035;299;1;1;1;299;495;0.0021;0.0182;668;583;0.0027
"Layout";0.003;0.0019;0.013;637;615;793;6;6;1.04599999450147;0.003498328;0.0025;0.0039;299;1;1;1;299;495;0.0019;0.013;615;793;0.0044
"PostLateUpdate.MemoryFrameMaintenance";0.003;0.0017;0.0135;717;646;793;2;2;1.07169999473263;0.003584281;0.0025;0.0039;299;1;1;1;299;495;0.0017;0.0135;646;793;0.0038
"FinalizeUpdateRendererBoundingVolumes";0.0029;0.0024;0.0081;650;534;583;3;6;0.921799989133433;0.003082943;0.0027;0.0032;1794;6;6;6;299;495;0;0.0038;502;583;0.003
"PrepareSceneCullingParameters";0.0028;0.0015;0.0162;507;508;583;4;4;0.997199995792471;0.003335117;0.0024;0.0037;299;1;1;1;299;495;0.0015;0.0162;508;583;0.0029
"FixedUpdate.Physics2DFixedUpdate";0.0028;0.0017;0.0083;581;552;686;2;2;0.324699998280266;0.003092381;0.0022;0.0038;107;1;1;3;105;495;0.0004;0.0083;793;686;0.0033
"PostLateUpdate.UpdateAllRenderers";0.0028;0.0021;0.0157;704;597;793;2;2;0.957799993222579;0.003203345;0.0025;0.0034;299;1;1;1;299;495;0.0021;0.0157;597;793;0.0025
"PreLateUpdate.ParticleSystemBeginUpdateAll";0.0027;0.0016;0.0135;767;681;793;2;2;0.965599994873628;0.003229431;0.0024;0.0037;299;1;1;1;299;495;0.0016;0.0135;681;793;0.0036
"GeneralConnection.Poll";0.0027;0.0012;0.0082;791;680;567;3;4;0.869499993190402;0.002908027;0.0022;0.0034;598;2;2;2;299;495;0.0001;0.0076;632;567;0.002
"RenderForwardOpaque.Prepare";0.0026;0.0015;0.0146;574;508;583;5;5;0.930499995476566;0.00311204;0.0023;0.0034;299;1;1;1;299;495;0.0015;0.0146;508;583;0.0023
"PostLateUpdate.UpdateCustomRenderTextures";0.0026;0.0016;0.0126;653;502;793;2;2;0.905099994852208;0.00302709;0.0022;0.0035;299;1;1;1;299;495;0.0016;0.0126;502;793;0.0022
"CoroutinesDelayedCalls";0.0026;0.0012;0.0494;619;754;584;3;3;2.22899997907371;0.007454849;0.0018;0.0134;1303;4;4;7;299;495;0.0001;0.0437;496;584;0.0161
"Render.TransparentGeometry";0.0025;0.0019;0.0128;527;541;606;4;4;0.781899991678074;0.00261505;0.0023;0.0026;299;1;1;1;299;495;0.0019;0.0128;541;606;0.0025
"Compute.Dispatch";0.0025;0.0016;0.0115;780;508;578;7;7;0.933299997937866;0.003121405;0.0021;0.0035;299;1;1;1;299;495;0.0016;0.0115;508;578;0.0021
"ParticleSystem.Update";0.0024;0.0014;0.0115;662;681;793;3;3;0.835299997590482;0.002793645;0.0021;0.0032;299;1;1;1;299;495;0.0014;0.0115;681;793;0.0031
"Update.ScriptRunDelayedTasks";0.0024;0.0014;0.0113;662;762;793;2;2;0.859899997711182;0.00287592;0.002;0.0033;299;1;1;1;299;495;0.0014;0.0113;762;793;0.0033
"AudioProfiler.CaptureFrame";0.0024;0.001;0.0105;695;510;564;4;4;0.834599999827333;0.002782;0.0019;0.0032;300;1;1;1;300;495;0.001;0.0105;510;564;0.0016
"Initialization.DirectorSampleTime";0.0024;0.0009;0.0069;717;502;558;2;2;0.783199995057657;0.002619398;0.0019;0.0032;299;1;1;1;299;495;0.0009;0.0069;502;558;0.0014
"EarlyUpdate.PlayerCleanupCachedData";0.0024;0.0011;0.0134;745;502;738;2;2;0.857599995448254;0.002868227;0.002;0.0032;299;1;1;1;299;495;0.0011;0.0134;502;738;0.0019
"UnityEngine.IMGUIModule.dll!UnityEngine::GUIUtility.EndGUI() [Invoke]";0.0024;0.002;0.0123;778;666;583;3;3;0.803799993736902;0.002688294;0.0022;0.0027;598;2;2;2;299;495;0.0002;0.012;666;583;0.0024
"Cleanup Unused Cached Data";0.0023;0.001;0.0133;541;502;738;3;3;0.805299999075942;0.002693311;0.0018;0.0031;299;1;1;1;299;495;0.001;0.0133;502;738;0.0019
"PhysX.ScScene.postBroadPhase";0.0023;0.0014;0.0057;552;680;753;4;4;0.180900000501424;0.002444595;0.002;0.0027;74;1;1;1;74;495;0.0014;0.0057;680;753;0
"PhysX.ScScene.collideStep";0.0023;0.0015;0.0068;653;676;627;4;4;0.262499998905696;0.0025;0.0019;0.0028;107;1;1;3;105;495;0.0011;0.0068;793;627;0.002
"PhysX.ScScene.broadPhase";0.0023;0.0015;0.0046;662;616;535;4;4;0.212199999485165;0.002556626;0.002;0.0029;85;1;1;3;83;495;0.001;0.0046;793;535;0.0023
"FrameEvents.NewInputBeforeRenderUpdate";0.0023;0.0017;0.0196;780;503;583;2;2;0.862199998577125;0.002883612;0.002;0.0031;299;1;1;1;299;495;0.0017;0.0196;503;583;0.0023
"PlayerCleanupCachedData";0.0022;0.001;0.0133;504;502;738;4;4;0.776399995549582;0.002596655;0.0018;0.0029;299;1;1;1;299;495;0.001;0.0133;502;738;0.0018
"Camera.FindStacks";0.0022;0.0015;0.0128;615;535;793;2;2;0.74079999562673;0.002477592;0.0019;0.0026;598;2;2;2;299;495;0.0001;0.0114;501;583;0.0018
"PhysX.PostBroadPhaseStage2Task";0.0022;0.0015;0.01;633;670;610;4;4;0.184599999338388;0.0026;0.0019;0.0026;72;1;1;2;71;497;0.0015;0.01;670;610;0.0043
"PhysX.ScScene.afterIntegration";0.0022;0.0015;0.0058;729;618;569;4;4;0.220899999607354;0.002401087;0.0019;0.0027;93;1;1;2;92;495;0.0015;0.0058;618;569;0
"DestroyCullResults";0.0022;0.0017;0.0118;767;745;576;3;3;0.756899998872541;0.002531438;0.0021;0.0026;299;1;1;1;299;495;0.0017;0.0118;745;576;0.0021
"UnityEngine.IMGUIModule.dll!UnityEngine::GUIUtility.SetSkin() [Invoke]";0.0022;0.0016;0.0103;782;537;793;2;2;0.750699997763149;0.002510702;0.0019;0.0027;299;1;1;1;299;495;0.0016;0.0103;537;793;0.0023
"RenderLoop.CleanupNodeQueue";0.0022;0.0017;0.0159;792;532;774;3;8;0.744099983654451;0.002488629;0.002;0.0026;2990;10;10;10;299;495;0;0.014;495;774;0.0018
"EarlyUpdate.UpdatePreloading";0.0021;0.001;0.0058;570;502;517;2;2;0.690999998245388;0.002311037;0.0016;0.0028;299;1;1;1;299;495;0.001;0.0058;502;517;0.0036
"PhysX.ScScene.advanceStep";0.0021;0.0016;0.0067;572;592;793;4;4;0.236099999747239;0.002485263;0.0019;0.0029;96;1;1;2;95;495;0.0012;0.0055;793;793;0.0021
"PhysX.ScScene.preRigidBodyNarrowPhase";0.0021;0.0015;0.0046;572;538;793;4;4;0.168499999737833;0.002277027;0.0019;0.0025;76;1;1;3;74;495;0.0008;0.0043;793;495;0.0028
"Director.SampleTime";0.0021;0.0007;0.0063;607;772;558;3;3;0.679399996064603;0.002272241;0.0016;0.0028;299;1;1;1;299;495;0.0007;0.0063;772;558;0.0011
"CustomRenderTextures.Update";0.0021;0.0012;0.0095;658;772;793;3;3;0.731699999654666;0.002447157;0.0018;0.0027;299;1;1;1;299;495;0.0012;0.0095;772;793;0.0019
"PhysX.ScScene.processLostContact";0.0021;0.0016;0.0093;709;546;793;4;4;0.158700000029057;0.002267143;0.002;0.0023;72;1;1;3;70;495;0.0016;0.0042;546;523;0.0023
"PhysX.FinalizeUpdateTask";0.0021;0.0016;0.0036;712;776;793;4;4;0.164599999319762;0.002165789;0.002;0.0023;77;1;1;2;76;495;0.0016;0.0034;776;532;0.002
"PhysX.ScScene.islandGen";0.0021;0.0016;0.0039;747;689;584;4;4;0.19139999942854;0.002225581;0.002;0.0024;86;1;1;1;86;497;0.0016;0.0039;689;584;0.0019
"FixedUpdate.NewInputFixedUpdate";0.002;0.0014;0.009;503;779;793;2;2;0.239099999773316;0.002277143;0.0018;0.0024;107;1;1;3;105;495;0.0011;0.0056;793;566;0.0017
"PhysX.ScScene.secondPassNarrowPhase";0.002;0.0013;0.0053;607;604;673;4;4;0.123999999254011;0.002101695;0.0016;0.0023;60;1;1;2;59;495;0.0013;0.0053;604;673;0
"Gfx.EndAsyncJobFrame";0.002;0.0011;0.0101;618;501;584;2;4;0.682299993306515;0.00228194;0.0016;0.0025;897;3;3;3;299;495;0.0002;0.0055;682;793;0.0017
"PlayerEndOfFrame";0.002;0.0011;0.0118;736;517;583;2;2;0.72629999613855;0.002429097;0.0016;0.0027;299;1;1;1;299;495;0.0011;0.0118;517;583;0.0022
"PhysX.ScScene.rigidBodySolver";0.002;0.0013;0.004;759;558;793;4;4;0.132799999555573;0.002107936;0.0017;0.0023;64;1;1;2;63;495;0.0013;0.0035;558;676;0.0019
"PhysX.ScScene.setEdgesConnectedTask";0.0019;0.0007;0.0048;549;770;578;4;4;0.127699999138713;0.002026984;0.0017;0.0022;64;1;1;2;63;495;0.0007;0.0048;770;578;0.0017
"PhysX.ScScene.postSolver";0.0019;0.0014;0.0034;561;764;673;4;4;0.179899999639019;0.002021348;0.0017;0.0021;89;1;1;1;89;495;0.0014;0.0034;764;673;0.0024
"UnityEngine.CoreModule.dll!UnityEngine::UnitySynchronizationContext.ExecuteTasks() [Invoke]";0.0019;0.0011;0.0098;647;762;793;3;3;0.678199996356852;0.002268228;0.0016;0.0027;299;1;1;1;299;495;0.0011;0.0098;762;793;0.0025
"UnityEngine.CoreModule.dll!UnityEngine.Rendering::RenderPipelineManager.HandleRenderPipelineChange() [Invoke]";0.0019;0.0009999999;0.0124;699;606;584;2;2;0.714699993528484;0.002390301;0.0015;0.0027;598;2;2;2;299;495;0.0001;0.0113;513;584;0.0013
"Loading.UpdatePreloading";0.0019;0.001;0.0057;745;502;517;3;3;0.639399996143766;0.002138461;0.0016;0.0025;299;1;1;1;299;495;0.001;0.0057;502;517;0.0035
"PhysX.AABBManager::postBroadPhaseStage3";0.0018;0.0012;0.0044;561;572;793;4;4;0.140799999353476;0.001877333;0.0015;0.002;77;1;1;3;75;495;0.0011;0.0032;793;627;0.0015
"ApplyPass.PrepareKeywords";0.0018;0.0011;0.0069;572;517;583;5;9;0.587599984857661;0.001965217;0.0016;0.0021;2392;8;8;8;299;495;0;0.0033;556;505;0.0016
"Shadows.CullDirectionalCascades";0.0017;0.0017;0.0023;501;501;692;9;9;0.00400000007357448;0.002;0.0017;0.0017;2;1;1;1;2;501;0.0017;0.0023;501;692;0
"Profiler.SerializeStats";0.0017;0.0011;0.0066;520;508;714;3;3;0.569099997170269;0.001897;0.0014;0.0021;300;1;1;1;300;495;0.0011;0.0066;508;714;0.0017
"PhysX.ScScene.processLostContact3";0.0017;0.0007;0.0048;572;549;503;4;4;0.12259999892558;0.001679452;0.0014;0.0019;74;1;1;2;73;495;0.0003;0.0048;793;503;0
"WaitForRenderJobs";0.0017;0.0009;0.009199999;639;791;584;3;5;0.575399991794256;0.001924415;0.0014;0.0021;897;3;3;3;299;495;0.0002;0.0046;501;793;0.0014
"PhysX.ScScene.updateCCDMultiPass";0.0017;0.0012;0.005;650;503;793;4;4;0.10989999899175;0.001862712;0.0016;0.0021;61;1;1;3;59;495;0.0012;0.0028;503;733;0.0021
"PreUpdate.NewInputUpdate";0.0017;0.0009;0.0047;661;503;565;2;2;0.52939999953378;0.001770569;0.0011;0.0021;299;1;1;1;299;495;0.0009;0.0047;503;565;0.0011
"PhysX.NpScene.completion";0.0017;0.0013;0.0033;698;680;512;4;4;0.138099999632686;0.001793506;0.0015;0.002;77;1;1;1;77;495;0.0013;0.0033;680;512;0.0019
"PreUpdate.AIUpdate";0.0017;0.0009;0.0062;701;772;569;2;2;0.597699994570576;0.001998997;0.0014;0.0024;299;1;1;1;299;495;0.0009;0.0062;772;569;0.0013
"FixedUpdate.AudioFixedUpdate";0.0017;0.0009;0.0066;709;526;793;2;2;0.216699998505646;0.002063809;0.0014;0.0025;107;1;1;3;105;495;0.0003;0.005;793;512;0.0016
"PhysX.ScScene.postBroadPhase3";0.0017;0.0008;0.005;712;552;793;4;4;0.167500000447035;0.001675;0.0014;0.0019;102;1;1;3;100;495;0.0008;0.0033;552;636;0.0018
"FindActiveLights";0.0017;0.0005;0.007;729;508;692;6;6;0.587899995036423;0.001966221;0.0012;0.0024;299;1;1;1;299;495;0.0005;0.007;508;692;0.0016
"PhysX.ScScene.postBroadPhaseCont";0.0016;0.0011;0.0029;503;624;569;4;4;0.117299999692477;0.001606849;0.0014;0.0018;74;1;1;2;73;495;0.001;0.0029;793;569;0
"UpdatePreloading";0.0016;0.0008;0.0054;521;502;517;4;4;0.519599997089244;0.001737793;0.0013;0.002;299;1;1;1;299;495;0.0008;0.0054;502;517;0.0035
"PostUpdateScreenManagerAndInput";0.0016;0.0012;0.0087;664;609;793;2;2;0.517799997585826;0.001731773;0.0015;0.0018;299;1;1;1;299;495;0.0012;0.0087;609;793;0.0019
"PhysX.ScScene.finalizationPhase";0.0015;0.001;0.0049;500;589;793;4;4;0.133799998904578;0.001537931;0.0013;0.0016;89;1;1;3;87;495;0.001;0.0024;589;793;0.0016
"Connections.Process";0.0015;0.0003;0.0059;632;530;567;4;5;0.490599996795936;0.001640803;0.0011;0.0019;598;2;2;2;299;495;0;0.0058;495;567;0.0009
"RenderTexture.GarbageCollectTemporary";0.0015;0.0008;0.0092;667;502;793;2;5;0.529099994964781;0.001769565;0.0012;0.002;598;2;2;2;299;495;0.0002;0.0057;520;793;0.0017
"PhysX.ScScene.postNarrowPhase";0.0015;0.001;0.0049;704;686;773;4;4;0.130699998699129;0.001574699;0.0013;0.0017;84;1;1;2;83;495;0.001;0.0049;686;773;0.0016
"UnityEngine.UIModule.dll!UnityEngine::Canvas.SendPreWillRenderCanvases() [Invoke]";0.0015;0.001;0.0081;718;511;793;5;5;0.532399996300228;0.001780602;0.0013;0.002;299;1;1;1;299;495;0.001;0.0081;511;793;0.0021
"CullPerObjectLights";0.0015;0.0012;0.0068;782;534;583;4;4;0.50339999597054;0.001683612;0.0014;0.0017;299;1;1;1;299;495;0.0012;0.0068;534;583;0.0014
"PhysX.ScScene.ccdBroadPhase";0.0014;0.001;0.0019;509;503;683;4;4;0.0893999993568286;0.001354545;0.0011;0.0015;66;1;1;1;66;495;0.001;0.0019;503;683;0.0016
"PhysX.ScScene.preallocateContactManagers";0.0014;0.0004;0.0027;532;610;650;4;4;0.0994999988470227;0.001309211;0.0011;0.0016;77;1;1;2;76;497;0.0003;0.0027;793;650;0.0006
"EarlyUpdate.UpdateCanvasRectTransform";0.0014;0.0008;0.0108;549;615;793;2;2;0.489599998225458;0.001637458;0.0011;0.0018;299;1;1;1;299;495;0.0008;0.0108;615;793;0.0009
"PhysX.ScScene.postThirdPassIslandGenTask";0.0014;0.0003;0.0039;581;592;793;4;4;0.0740999993286096;0.001425;0.0011;0.0017;54;1;1;3;52;503;0.0003;0.0025;592;644;0.002
"AudioManager.FixedUpdate";0.0014;0.0007;0.0054;641;526;793;3;3;0.170699998780037;0.001625714;0.0011;0.0019;107;1;1;3;105;495;0.0002;0.004;793;741;0.001
"updateScene.Invoke";0.0014;0.0005;0.0109;674;534;614;2;2;0.516799996781629;0.001728428;0.0011;0.002;299;1;1;1;299;495;0.0005;0.0109;534;614;0.0016
"PreUpdate.Physics2DUpdate";0.0014;0.0002;0.0079;717;718;567;2;2;0.455899996319204;0.001524749;0.0005;0.0021;299;1;1;1;299;495;0.0002;0.0079;718;567;0.0005
"afterCullingOutputReady.Invoke";0.0013;0.0007;0.0079;561;508;583;6;6;0.445999993826263;0.001491639;0.0011;0.0016;598;2;2;2;299;495;0.0002;0.0059;498;583;0.0011
"PhysX.ScScene.fetchPatchEventsTask";0.0013;0.0009;0.0043;664;589;793;4;4;0.0595999995712191;0.001453659;0.0011;0.0016;42;1;1;2;41;495;0.0009;0.0026;589;793;0
"UnityEngine.InputModule.dll!UnityEngineInternal.Input::NativeInputSystem.ShouldRunUpdate() [Invoke]";0.0013;0.0007;0.0059;664;711;793;3;3;0.431999996035302;0.001444816;0.0011;0.0016;705;2;2;5;299;495;0.0001;0.0041;503;583;0.0015
"Physics.Interpolation";0.0013;0.0005;0.005;745;646;586;3;3;0.450099996473;0.001505351;0.001;0.0018;404;1;1;2;299;495;0.0001;0.0044;592;700;0.0021
"Physics2D.Simulate";0.0013;0.0008;0.0039;767;497;598;3;3;0.158399999316316;0.001508571;0.0011;0.0018;107;1;1;3;105;495;0.0003;0.0039;793;598;0.0014
"Application.Integrate Assets in Background";0.0012;0.0005;0.0047;587;646;517;5;5;0.387299996393267;0.001295318;0.001;0.0015;299;1;1;1;299;495;0.0005;0.0047;646;517;0.0021
"AddDirectionalLights";0.0012;0.0005;0.0035;594;508;564;6;6;0.392399996111635;0.001312375;0.001;0.0015;299;1;1;1;299;495;0.0005;0.0035;508;564;0.001
"Assembly-CSharp.dll!::Move.Update() [Invoke]";0.0012;0.0007;0.0059;614;511;569;4;4;0.401599997654557;0.001343144;0.001;0.0015;299;1;1;1;299;495;0.0007;0.0059;511;569;0.0014
"EarlyUpdate.ExecuteMainThreadJobs";0.0012;0.0007;0.0061;655;553;713;2;2;0.404399997845758;0.001352508;0.001;0.0015;299;1;1;1;299;495;0.0007;0.0061;553;713;0.0015
"PhysX.ScScene.postIslandGen";0.0012;0.0009;0.0026;724;506;793;4;4;0.0691999993287027;0.001330769;0.0011;0.0015;53;1;1;2;52;495;0.0009;0.0021;506;756;0
"PreUpdate.PhysicsUpdate";0.0012;0.0003;0.0057;728;497;665;2;2;0.413099995988887;0.001381605;0.0007;0.0018;299;1;1;1;299;495;0.0003;0.0057;497;665;0.0006
"Physics.ProcessReports";0.0012;0.0007;0.0052;729;497;793;3;3;0.150599999149563;0.001434286;0.001;0.0017;107;1;1;3;105;495;0.0004;0.0039;793;793;0.002
"Render";0.0012;0.0008;0.0047;732;511;774;6;6;0.413399997923989;0.001382609;0.0011;0.0015;299;1;1;1;299;495;0.0008;0.0047;511;774;0.0015
"FrameEvents.OnBeforeRenderCallback";0.0012;0.0007;0.008;751;559;583;2;2;0.447599997045472;0.00149699;0.001;0.0016;299;1;1;1;299;495;0.0007;0.008;559;583;0.0011
"RenderForwardAlpha.Render";0.0011;0.0009;0.0111;510;558;606;5;5;0.347600004053675;0.001162542;0.001;0.0011;299;1;1;1;299;495;0.0009;0.0111;558;606;0.001
"PhysX.ScScene.ccdBroadPhaseAABB";0.0011;0.0008;0.0023;575;503;793;4;4;0.0841999997501262;0.001107895;0.001;0.0012;77;1;1;2;76;495;0.0008;0.0019;503;584;0
"PhysX.ScScene.updateBodiesAndShapes";0.0011;0.0008;0.0033;630;495;793;4;4;0.0948999994434416;0.001116471;0.001;0.0012;87;1;1;3;85;495;0.0008;0.0015;495;532;0.0013
"UnityEngine.CoreModule.dll!UnityEngine.Rendering::OnDemandRendering.GetRenderFrameInterval() [Invoke]";0.0011;0.0006;0.0048;793;502;579;2;2;0.36029999575112;0.001205017;0.0009;0.0014;299;1;1;1;299;495;0.0006;0.0048;502;579;0.0007
"EarlyUpdate.ScriptRunDelayedStartupFrame";0.001;0.0005;0.0053;515;538;512;2;2;0.327699996705633;0.001095987;0.0008;0.0012;299;1;1;1;299;495;0.0005;0.0053;538;512;0.0006
"EarlyUpdate.ClearLines";0.001;0.0004;0.0027;554;502;575;2;2;0.316399997012923;0.001058194;0.0007;0.0013;299;1;1;1;299;495;0.0004;0.0027;502;575;0.0009
"Profiler.FlushFileIOCounters";0.001;0.0002;0.0062;583;512;564;2;2;0.3653999982198;0.001218;0.0003;0.0019;300;1;1;1;300;495;0.0002;0.0062;512;564;0.0002
"EndGraphicsJobs";0.0009999999;0.0005;0.008599999;619;594;793;2;3;0.344399994755804;0.00115184;0.0008;0.0012;897;3;3;3;299;495;0;0.0084;496;793;0.0008
"TextRendering.CollectGarbage";0.0009;0.0002;0.0105;498;682;614;3;3;0.335899998332025;0.001123411;0.0006;0.0013;299;1;1;1;299;495;0.0002;0.0105;682;614;0.0007
"PhysX.ScScene.constraintProjection";0.0009;0.0001;0.0013;541;506;535;4;4;0.0546999997459352;0.0007493151;0.0007;0.001;74;1;1;2;73;497;0.0001;0.0013;506;535;0.0009
"UnityEngine.CoreModule.dll!UnityEngine::Application.InvokeOnBeforeRender() [Invoke]";0.0009;0.0005;0.0058;550;542;583;3;3;0.315199995995499;0.001054181;0.0007;0.0011;299;1;1;1;299;495;0.0005;0.0058;542;583;0.0007
"Render.Prepare";0.0009;0.0006;0.006;643;530;583;4;4;0.299399996525608;0.001001338;0.0008;0.0011;299;1;1;1;299;495;0.0006;0.006;530;583;0.0007
"Cinemachine.dll!Cinemachine::CinemachineBrain.OnGUI() [Invoke]";0.0009;0.0004;0.0042;654;597;624;3;3;0.321899996692082;0.001076589;0.0007;0.0013;598;2;2;2;299;495;0;0.0041;511;624;0.0008
"PreLateUpdate.ConstraintManagerUpdate";0.0009;0.0004;0.0039;656;631;793;2;2;0.311999996541999;0.001043478;0.0007;0.0012;299;1;1;1;299;495;0.0004;0.0039;631;793;0.0009
"Shadows.CullingCallbacks";0.0009;0.0007;0.0059;666;496;583;6;6;0.31249999627471;0.00104515;0.0008;0.0011;299;1;1;1;299;495;0.0007;0.0059;496;583;0.0007
"UnityEngine.CoreModule.dll!UnityEngine::Camera.FireOnPostRender() [Invoke]";0.0009;0.0005;0.0033;667;541;650;4;4;0.291499997489154;0.0009749164;0.0008;0.0011;299;1;1;1;299;495;0.0005;0.0033;541;650;0.0009
"PhysX.ScScene.registerContactManagers";0.0009;0.0006;0.0019;692;616;589;4;4;0.022399999841582;0.001066667;0.0007;0.0015;21;1;1;1;21;532;0.0006;0.0019;616;589;0
"PreLateUpdate.EndGraphicsJobsAfterScriptUpdate";0.0009;0.0006;0.0088;735;511;793;2;2;0.336899996211287;0.001126756;0.0008;0.0012;299;1;1;1;299;495;0.0006;0.0088;511;793;0.0009
"RenderForwardOpaque.Sort";0.0009;0.0006;0.0249;751;699;583;5;5;0.343199999479111;0.001147826;0.0008;0.001;299;1;1;1;299;495;0.0006;0.0249;699;583;0.0012
"MeshRendererPrepareDispatchUpdate";0.0009;0.0005;0.0041;790;613;583;4;7;0.322899991813756;0.001079933;0.0008;0.0012;1495;5;5;5;299;495;0;0.0021;621;583;0.0009
"Physics2D.InterpolatePoses";0.0008;0;0.0057;540;546;567;3;3;0.23939999697177;0.0008006689;0.0001;0.0011;299;1;1;1;299;495;0;0.0057;546;567;0.0001
"UnityEngine.CoreModule.dll!UnityEngine.Rendering::SupportedRenderingFeatures.IsLightmapBakeTypeSupportedByRef() [Invoke]";0.0008;0.0004;0.0042;641;532;583;4;4;0.291899995267158;0.0009762542;0.0007;0.0011;299;1;1;1;299;495;0.0004;0.0042;532;583;0.0008
"Physics.UpdateBodies";0.0008;0.0004;0.003;659;692;679;3;3;0.101899999572197;0.0009704762;0.0006;0.0011;107;1;1;3;105;495;0.0002;0.003;793;679;0.0013
"GC.Alloc";0.0008;0.0003;0.0041;661;720;613;4;7;0.269499993330101;0.0009013378;0.0007;0.0009999999;2691;9;9;9;299;495;0;0.0033;495;613;0.0009999999
"PostLateUpdate.GUIClearEvents";0.0008;0.0001;0.0044;670;502;682;2;2;0.211199998433585;0.0007063545;0.0003;0.001;299;1;1;1;299;495;0.0001;0.0044;502;682;0.0002
"Initialization.XREarlyUpdate";0.0008;0.0003;0.0036;757;502;548;2;2;0.286799996771151;0.0009591973;0.0006;0.0011;299;1;1;1;299;495;0.0003;0.0036;502;548;0.0006
"PreUpdate.WindUpdate";0.0008;0.0004;0.0042;780;502;793;2;2;0.295899996941444;0.0009896321;0.0006;0.0011;299;1;1;1;299;495;0.0004;0.0042;502;793;0.0006
"UnityEngine.CoreModule.dll!UnityEngine.Rendering::RenderPipelineManager.GetCurrentPipelineAssetType() [Invoke]";0.0007;0.0004;0.0038;612;508;678;2;2;0.24139999615727;0.0008073578;0.0006;0.0008;299;1;1;1;299;495;0.0004;0.0038;508;678;0.0007
"SkinnedMeshPrepareDispatchUpdate";0.0007;0.0004;0.0026;614;534;793;4;7;0.22409999462252;0.0007494983;0.0006;0.0008;1495;5;5;5;299;495;0;0.0011;500;793;0.0006
"FixedUpdate.DirectorFixedUpdate";0.0007;0.0003;0.0036;641;509;638;2;2;0.0905999989627162;0.0008628572;0.0005;0.001;107;1;1;3;105;495;0.0002;0.0036;793;638;0.0004
"UIEvents.UpdateCanvasRectTransform";0.0007;0.0005;0.008;641;496;793;3;3;0.233999994641636;0.0007826087;0.0006;0.0008;299;1;1;1;299;495;0.0005;0.008;496;793;0.0007
"UnityEngine.IMGUIModule.dll!UnityEngine::Event.Internal_MakeMasterEventCurrent() [Invoke]";0.0007;0.0005;0.0049;681;505;624;3;3;0.262299994181376;0.0008772575;0.0006;0.0008;299;1;1;1;299;495;0.0005;0.0049;505;624;0.0006
"Render.Mesh";0.0007;0.0004;0.0076;720;546;769;6;10;0.230199993638962;0.0007698996;0.0006;0.0008;1495;5;5;5;299;495;0;0.0068;497;769;0.0008
"FrameEvents.XRBeginFrame";0.0007;0.0003;0.0058;729;534;584;2;2;0.28349999661441;0.0009481605;0.0006;0.001;299;1;1;1;299;495;0.0003;0.0058;534;584;0.0006
"PhysX.Completion Task";0.0007;0.0004;0.0019;729;670;686;4;4;0.0550999993865844;0.0007871428;0.0006;0.0009;72;1;1;3;70;495;0.0004;0.0019;670;686;0
"beforeCameraRender.Invoke";0.0007;0.0003;0.0038;768;501;793;3;3;0.276599997538142;0.0009250836;0.0006;0.0011;299;1;1;1;299;495;0.0003;0.0038;501;793;0.0005
"Assembly-CSharp.dll!::RayMarchingMaster.FixedUpdate() [Invoke]";0.0007;0.0005;0.0025;779;532;627;4;4;0.0938999984500697;0.0008942857;0.0006;0.0011;107;1;1;3;105;495;0.0002;0.0025;793;627;0.0013
"Connections.Poll";0.0006;0.0002;0.0041;594;538;705;4;5;0.213599998241989;0.0007143813;0.0005;0.0009;598;2;2;2;299;495;0;0.004;496;705;0.0006
"EarlyUpdate.UnityWebRequestUpdate";0.0006;0.0002;0.0029;502;615;538;2;2;0.189099997194717;0.0006324415;0.0004;0.0007;299;1;1;1;299;495;0.0002;0.0029;615;538;0.0006
"UnityEngine.UIElementsNativeModule.dll!UnityEngine.UIElements::UIElementsRuntimeUtilityNative.RepaintOverlayPanels() [Invoke]";0.0006;0.0002;0.0036;503;697;566;2;2;0.217299998083035;0.0007267558;0.0004;0.0009;299;1;1;1;299;495;0.0002;0.0036;697;566;0.0022
"UIEvents.CanvasManagerEmitOffScreenGeometry";0.0006;0.0003;0.0038;510;499;793;2;2;0.196999997424427;0.0006588629;0.0004;0.0008;299;1;1;1;299;495;0.0003;0.0038;499;793;0.0009
"suspendPointHook.Invoke";0.0006;0.0002;0.0017;517;502;715;6;6;0.181099996902049;0.0006056856;0.0004;0.0007;299;1;1;1;299;495;0.0002;0.0017;502;715;0.0013
"GarbageCollector.CollectIncremental";0.0006;0.0003;0.0037;635;627;643;3;3;0.196499997196952;0.0006571906;0.0005;0.0007;299;1;1;1;299;495;0.0003;0.0037;627;643;0.0004
"Update.DirectorUpdate";0.0006;0.0002;0.0044;657;497;696;2;2;0.208699996845098;0.0006979933;0.0003;0.0009;299;1;1;1;299;495;0.0002;0.0044;497;696;0.0006
"LOD.ComputeLOD";0.0006;0.0003;0.0034;675;508;583;5;6;0.20739999806392;0.0006936455;0.0005;0.0008;598;2;2;2;299;495;0;0.0034;497;713;0.0009
"Profiler.CollectVideoStats";0.0006;0.0001;0.0043;679;532;574;3;3;0.237799996895774;0.0007926666;0.0004;0.001;300;1;1;1;300;495;0.0001;0.0043;532;574;0.0004
"Cinemachine.dll!Cinemachine::CinemachineBrain.OnPreCull() [Invoke]";0.0006;0.0004;0.0035;775;503;583;4;4;0.226599997549783;0.0007578595;0.0005;0.0008;299;1;1;1;299;495;0.0004;0.0035;503;583;0.0008
"Shadows.ExtractCasters";0.0005;0.0005;0.0007;501;501;692;9;9;0.00119999999878928;0.0006;0.0005;0.0005;2;1;1;1;2;501;0.0005;0.0007;501;692;0
"PhysX.ThirdPassIslandGenTask";0.0005;0.0002;0.0022;538;523;724;4;4;0.0442999995284481;0.0006921875;0.0004;0.0007;109;2;1;2;64;500;0;0.0017;552;733;0.0019
"PreUpdate.IMGUISendQueuedEvents";0.0005;0.0002;0.0025;539;527;567;2;2;0.155999997950858;0.0005217391;0.0004;0.0006;299;1;1;1;299;495;0.0002;0.0025;527;567;0.0003
"EarlyUpdate.DispatchEventQueueEvents";0.0005;0.0002;0.0034;569;602;775;2;2;0.166299997319584;0.0005561873;0.0004;0.0006;299;1;1;1;299;495;0.0002;0.0034;602;775;0.0005
"Clear";0.0005;0.0003;0.0028;605;499;792;6;6;0.155500000400934;0.0005200669;0.0004;0.0005;299;1;1;1;299;495;0.0003;0.0028;499;792;0.0004
"Assembly-CSharp.dll!::RayMarchingMaster.Update() [Invoke]";0.0005;0.0002;0.0039;663;546;560;4;4;0.172399998482433;0.0005765886;0.0004;0.0007;299;1;1;1;299;495;0.0002;0.0039;546;560;0.0004
"PostLateUpdate.UpdateLightProbeProxyVolumes";0.0005;0.0002;0.0034;688;499;704;2;2;0.184499997965759;0.0006170569;0.0004;0.0007;299;1;1;1;299;495;0.0002;0.0034;499;704;0.0007
"Initialization.AsyncUploadTimeSlicedUpdate";0.0005;0.0002;0.0182;730;746;688;2;2;0.200099998517544;0.0006692308;0.0004;0.0007;299;1;1;1;299;495;0.0002;0.0182;746;688;0.0003
"CanvasUpdate.Prelayout";0.0005;0.0003;0.0033;739;533;573;7;7;0.180799999187002;0.0006046823;0.0005;0.0007;299;1;1;1;299;495;0.0003;0.0033;533;573;0.0005
"PostLateUpdate.TriggerEndOfFrameCallbacks";0.0005;0.0003;0.0024;741;502;710;2;2;0.188299997564172;0.0006297659;0.0004;0.0008;299;1;1;1;299;495;0.0003;0.0024;502;710;0.0006
"Renderers.OncePerFrameUpdate";0.0005;0.0002;0.0034;554;520;607;3;3;0.161099997028941;0.000538796;0.0004;0.0006;598;2;2;2;299;495;0.0001;0.0031;495;607;0.0003
"UnityEngine.InputModule.dll!UnityEngineInternal.Input::NativeInputSystem.NotifyBeforeUpdate() [Invoke]";0.0005;0.0002;0.002;630;521;571;3;3;0.162099995584867;0.0005421404;0.0004;0.0006;705;2;2;5;299;495;0;0.0018;512;571;0.0004
"PostLateUpdate.UpdateVideoTextures";0.0004;0.0001;0.0027;506;511;546;2;2;0.120599997673708;0.0004033445;0.0003;0.0005;299;1;1;1;299;495;0.0001;0.0027;511;546;0.0004
"EarlyUpdate.XRUpdate";0.0004;0.0001;0.0028;509;499;743;2;2;0.130999997447361;0.0004381271;0.0003;0.0005;299;1;1;1;299;495;0.0001;0.0028;499;743;0.0003
"PhysX.ScScene.registerSceneInteractions";0.0004;0;0.0008;512;497;586;4;4;0.0122999997693114;0.0003617647;0.0002;0.0004;34;1;1;1;34;495;0;0.0008;497;586;0.0002
"PhysX.ScScene.processLostSolverPatchesTask";0.0004;0.0002;0.0009;515;506;500;4;4;0.016599999711616;0.000415;0.0003;0.0005;40;1;1;1;40;500;0.0002;0.0009;506;500;0
"RenderTexture.ResolveAA";0.0004;0.0002;0.0065;528;519;578;8;8;0.200899996765656;0.0006719063;0.0003;0.0005;299;1;1;1;299;495;0.0002;0.0065;519;578;0.0004
"PostLateUpdate.UpdateResolution";0.0004;0.0001;0.0027;537;615;629;2;2;0.129199997922115;0.000432107;0.0003;0.0005;299;1;1;1;299;495;0.0001;0.0027;615;629;0.0003
"UnityEngine.InputModule.dll!UnityEngineInternal.Input::NativeInputSystem.NotifyUpdate() [Invoke]";0.0004;0.0002;0.0026;539;498;793;3;3;0.126899996968859;0.0004244147;0.0003;0.0005;705;2;2;5;299;495;0;0.0019;497;728;0.0004
"Profiler.CollectGIStats";0.0004;0;0.0021;546;599;714;3;3;0.139999996681581;0.0004666667;0.0003;0.0006;300;1;1;1;300;495;0;0.0021;599;714;0.0004
"Profiler.CollectEditorStats";0.0004;0.0001;0.0053;562;643;793;1;1;0.135999997350154;0.0004533333;0.0003;0.0005;300;1;1;1;300;495;0.0001;0.0053;643;793;0.0003
"PhysX.ScScene.registerInteractions";0.0004;0.0002;0.0009;563;497;738;4;4;0.0121999998445972;0.0004066667;0.0003;0.0005;31;1;1;2;30;497;0.0001;0.0009;793;738;0
"JobDebuggerFrameMaintenance";0.0004;0.0002;0.0057;578;668;713;3;3;0.134299997182097;0.0004491639;0.0003;0.0004;299;1;1;1;299;495;0.0002;0.0057;668;713;0.0005
"AddCustomActiveLocalLights";0.0004;0.0001;0.003;589;668;593;6;6;0.128399997047381;0.0004294314;0.0003;0.0005;299;1;1;1;299;495;0.0001;0.003;668;593;0.0003
"SkinnedMeshFinalizeUpdate";0.0004;0.0001;0.0027;614;539;736;4;7;0.126699996828393;0.0004237458;0.0003;0.0005;1495;5;5;5;299;495;0;0.0026;495;736;0.0004
"UnityEngine.CoreModule.dll!UnityEngine::Camera.FireOnPreRender() [Invoke]";0.0004;0.0002;0.0026;627;508;602;3;3;0.130099997491925;0.0004351171;0.0003;0.0004;299;1;1;1;299;495;0.0002;0.0026;508;602;0.0003
"Cinemachine.dll!Cinemachine::CinemachineBrain.AfterPhysics() [Coroutine: System.Collections.IEnumerator.get_Current] [Invoke]";0.0004;0.0002;0.0011;638;552;793;4;4;0.0468999987351708;0.0004466666;0.0003;0.0006;107;1;1;3;105;495;0.0001;0.001;793;584;0.0005
"CleanUp.TextRenderingGarbageCollect";0.0004;0.0002;0.0106;639;499;738;5;5;0.191299997008173;0.0006397993;0.0003;0.0006;299;1;1;1;299;495;0.0002;0.0106;499;738;0.0003
"EarlyUpdate.UpdateTextureStreamingManager";0.0004;0.0001;0.0026;644;502;621;2;2;0.135699997801566;0.0004538462;0.0003;0.0006;299;1;1;1;299;495;0.0001;0.0026;502;621;0.0001
"UnityEngine.AIModule.dll!UnityEngine.AI::NavMesh.Internal_CallOnNavMeshPreUpdate() [Invoke]";0.0004;0.0002;0.0019;650;511;569;3;3;0.142599997416255;0.0004769231;0.0003;0.0006;299;1;1;1;299;495;0.0002;0.0019;511;569;0.0002
"UnityEngine.UI.dll!UnityEngine.UI::Slider.Update() [Invoke]";0.0004;0.0001;0.0019;663;747;774;4;4;0.139399996929569;0.0004662207;0.0003;0.0005;598;2;2;2;299;495;0;0.0018;497;774;0.0005
"MeshRendererFinalizeUpdate";0.0004;0.0001;0.0017;671;519;793;4;7;0.132099996713805;0.000441806;0.0003;0.0005;1495;5;5;5;299;495;0;0.0008;495;624;0.0005
"EarlyUpdate.AnalyticsCoreStatsUpdate";0.0004;0.0001;0.0023;683;511;698;2;2;0.145099997156649;0.0004852843;0.0003;0.0006;299;1;1;1;299;495;0.0001;0.0023;511;698;0.0003
"Assembly-CSharp.dll!::RotateWithMouse.Update() [Invoke]";0.0004;0.0003;0.0013;694;496;524;4;4;0.139699997584103;0.0004672241;0.0003;0.0005;299;1;1;1;299;495;0.0003;0.0013;496;524;0.0004
"PreUpdate.UpdateVideo";0.0004;0.0001;0.002;705;511;569;2;2;0.147799997073889;0.0004943144;0.0003;0.0006;299;1;1;1;299;495;0.0001;0.002;511;569;0.0003
"PostLateUpdate.VFXUpdate";0.0004;0.0002;0.0017;707;499;793;2;2;0.151199997824733;0.0005056856;0.0003;0.0006;299;1;1;1;299;495;0.0002;0.0017;499;793;0.0004
"UnityEngine.CoreModule.dll!UnityEngine.Rendering::SupportedRenderingFeatures.IsUIOverlayRenderedBySRP() [Invoke]";0.0004;0.0003;0.0029;778;501;554;2;2;0.165899997344241;0.0005548495;0.0004;0.0006;299;1;1;1;299;495;0.0003;0.0029;501;554;0.0004
"EarlyUpdate.PhysicsResetInterpolatedTransformPosition";0.0003;0;0.022;504;511;741;2;2;0.881899994208652;0.002949498;0.0001;0.0059;299;1;1;1;299;495;0;0.022;511;741;0.0097
"Update.ScriptRunDelayedDynamicFrameRate";0.0003;0.0002;0.0006;532;496;524;2;2;0.0790999969176482;0.0002645485;0.0002;0.0003;299;1;1;1;299;495;0.0002;0.0006;496;524;0.0003
"RenderForwardAlpha.Prepare";0.0003;0.0001;0.0027;552;501;496;5;5;0.0834999971484649;0.0002792642;0.0002;0.0003;299;1;1;1;299;495;0.0001;0.0027;501;496;0.0003
"Shadows.Sort";0.0003;0.0001;0.001;580;495;624;9;9;0.088799997989554;0.00029699;0.0002;0.0003;1196;4;4;4;299;495;0;0.001;495;624;0.0002
"ClipperRegistry.Cull";0.0003;0.0001;0.0034;584;499;774;7;7;0.0991999976613442;0.0003317726;0.0002;0.0004;299;1;1;1;299;495;0.0001;0.0034;499;774;0.0003
"EarlyUpdate.RendererNotifyInvisible";0.0003;0.0001;0.0034;599;518;690;2;2;0.104199997927935;0.000348495;0.0002;0.0004;299;1;1;1;299;495;0.0001;0.0034;518;690;0.0001
"NavMeshManager";0.0003;0;0.0014;601;502;560;3;3;0.0976999978302047;0.0003267558;0.0002;0.0004;299;1;1;1;299;495;0;0.0014;502;560;0.0004
"ConstraintManager::Update";0.0003;0.0001;0.0018;609;509;598;3;3;0.0984999974898528;0.0003294314;0.0002;0.0004;299;1;1;1;299;495;0.0001;0.0018;509;598;0.0002
"Physics.JointBreaks";0.0003;0.0001;0.0011;647;506;793;4;4;0.0367999991212855;0.0003504762;0.0002;0.0004;107;1;1;3;105;495;0;0.001;793;793;0.0003
"PostLateUpdate.PhysicsSkinnedClothFinishUpdate";0.0003;0.0001;0.0031;658;555;673;2;2;0.105499997756851;0.0003528428;0.0002;0.0004;299;1;1;1;299;495;0.0001;0.0031;555;673;0.0002
"PostLateUpdate.ParticleSystemEndUpdateAll";0.0003;0.0001;0.0013;668;508;569;2;2;0.103399997176894;0.0003458194;0.0002;0.0004;299;1;1;1;299;495;0.0001;0.0013;508;569;0.0002
"FixedUpdate.DirectorFixedUpdatePostPhysics";0.0003;0.0002;0.0013;676;523;495;2;2;0.0388999988936121;0.0003704762;0.0003;0.0004;107;1;1;3;105;495;0.0002;0.0013;523;495;0.0004
"FindDirectionalShadowCastingLights";0.0003;0.0001;0.0015;686;497;576;6;6;0.106799997687631;0.0003571906;0.0002;0.0005;299;1;1;1;299;495;0.0001;0.0015;497;576;0.0001
"EarlyUpdate.UpdateAsyncReadbackManager";0.0003;0.0001;0.0011;687;509;579;2;2;0.103599998190475;0.0003464883;0.0002;0.0004;299;1;1;1;299;495;0.0001;0.0011;509;579;0.0005
"ReflectionProbeAnchorManagerUpdate";0.0003;0;0.0032;696;590;583;4;7;0.107399997359607;0.0003591973;0.0002;0.0004;897;3;3;3;299;495;0;0.0018;495;583;0.0002
"GlobalEventQueue";0.0003;0.0001;0.003;702;621;775;3;3;0.113899997479166;0.0003809365;0.0002;0.0004;299;1;1;1;299;495;0.0001;0.003;621;775;0.0002
"PostLateUpdate.SortingGroupsUpdate";0.0003;0.0001;0.0017;704;530;683;2;2;0.113199997584161;0.0003785953;0.0002;0.0005;299;1;1;1;299;495;0.0001;0.0017;530;683;0.0003
"Physics2D.SyncTransformChanges";0.0003;0.0002;0.0008;706;538;793;4;4;0.0370999988226686;0.0003533333;0.0003;0.0004;107;1;1;3;105;495;0.0002;0.0007;538;495;0.0004
"EarlyUpdate.UpdateStreamingManager";0.0003;0;0.0012;727;736;584;2;2;0.10939999758557;0.0003658863;0.0002;0.0005;299;1;1;1;299;495;0;0.0012;736;584;0.0002
"PreLateUpdate.AIUpdatePostScript";0.0003;0.0001;0.0015;741;526;560;2;2;0.113499997147301;0.0003795986;0.0003;0.0004;299;1;1;1;299;495;0.0001;0.0015;526;560;0.0004
"Physics.SyncRigidbodyTransform";0.0003;0.0001;0.0016;747;701;512;3;3;0.0406999993720092;0.000387619;0.0003;0.0005;107;1;1;3;105;495;0;0.0016;793;512;0.0003
"PostLateUpdate.PhysicsSkinnedClothBeginUpdate";0.0003;0.0002;0.0027;749;497;637;2;2;0.12139999702049;0.0004060201;0.0003;0.0004;299;1;1;1;299;495;0.0002;0.0027;497;637;0.0003
"UnityEngine.CoreModule.dll!UnityEngine::Camera.FireOnPreCull() [Invoke]";0.0003;0.0002;0.0037;775;510;762;4;4;0.130999996996252;0.0004381271;0.0003;0.0005;299;1;1;1;299;495;0.0002;0.0037;510;762;0.0004
"PostLateUpdate.UpdateVideo";0.0003;0.0001;0.003;783;518;600;2;2;0.125999997057079;0.0004214047;0.0003;0.0005;299;1;1;1;299;495;0.0001;0.003;518;600;0.0001
"PostLateUpdate.UpdateAllSkinnedMeshes";0.0003;0.0001;0.0015;789;743;536;2;2;0.123599997255951;0.0004133779;0.0003;0.0005;299;1;1;1;299;495;0.0001;0.0015;743;536;0.0005
"PhysX.ScScene.lostTouchReports";0.0002;0;0.0012;495;747;659;4;4;0.00959999983751914;0.0003428572;0.0001;0.0003;29;1;1;2;28;495;0;0.0012;747;659;0
"PostLateUpdate.XRPreEndFrame";0.0002;0;0.001;514;595;585;2;2;0.0520999986401876;0.0001742475;0.0001;0.0002;299;1;1;1;299;495;0;0.001;595;585;0.0001
"FixedUpdate.DirectorFixedSampleTime";0.0002;0;0.0013;523;613;575;2;2;0.0216999995755032;0.0002066667;0.0001;0.0002;107;1;1;3;105;495;0;0.0013;613;575;0.0002
"Preload Single Step";0.0002;0.0001;0.0035;529;499;517;6;6;0.055199998554599;0.0001846154;0.0001;0.0002;299;1;1;1;299;495;0.0001;0.0035;499;517;0.0002
"Physics.UpdateCloth";0.0002;0;0.0022;530;528;578;3;3;0.0603999985687551;0.0002020067;0.0001;0.0002;598;2;2;2;299;495;0;0.002;495;578;0.0002
"Particles.Sync";0.0002;0;0.0008;539;495;583;3;3;0.0558999985732953;0.0001869565;0.0001;0.0002;598;2;2;2;299;495;0;0.0008;495;583;0.0002
"SoundManager.Update";0.0002;0;0.0008;547;499;710;3;3;0.0577999988818192;0.000193311;0.0001;0.0002;299;1;1;1;299;495;0;0.0008;499;710;0.0001
"EarlyUpdate.SpriteAtlasManagerUpdate";0.0002;0;0.001;548;516;566;2;2;0.0593999985430855;0.0001986622;0.0001;0.0003;299;1;1;1;299;495;0;0.001;516;566;0
"FixedUpdate.XRFixedUpdate";0.0002;0;0.0007;558;497;793;2;2;0.0196999995096121;0.000187619;0.0001;0.0002;107;1;1;3;105;495;0;0.0007;497;529;0.0002
"JobAlloc.Grow";0.0002;0.0001;0.0002;561;497;504;4;5;0.00769999980548164;0.0001638298;0.0001;0.0002;47;1;1;1;47;497;0.0001;0.0002;497;504;0
"Physics.UpdateArticulations";0.0002;0;0.0008;578;541;627;4;4;0.0223999994050246;0.0002133333;0.0001;0.0003;107;1;1;3;105;495;0;0.0008;541;627;0.0004
"Physics.ExecuteDeferredTriggerErase";0.0002;0;0.0013;581;538;793;4;4;0.0231999993047793;0.0002209524;0.0001;0.0003;107;1;1;3;105;495;0;0.0011;538;793;0.0003
"PreLateUpdate.DirectorDeferredEvaluate";0.0002;0.0001;0.0011;593;496;710;2;2;0.0655999984955997;0.000219398;0.0001;0.0002;299;1;1;1;299;495;0.0001;0.0011;496;710;0.0004
"Physics.TriggerStays";0.0002;0.0001;0.0011;595;497;793;4;4;0.0232999994041165;0.0002219048;0.0001;0.0003;107;1;1;3;105;495;0.0001;0.0007;497;512;0.0005
"PostLateUpdate.DirectorLateUpdate";0.0002;0.0001;0.0006;605;498;545;2;2;0.0553999985495466;0.0001852843;0.0002;0.0002;299;1;1;1;299;495;0.0001;0.0006;498;545;0.0002
"Director.ProcessFrame";0.0002;0;0.0034;627;505;696;3;3;0.0748999980205554;0.0002505017;0.0001;0.0003;1709;5;5;11;299;495;0;0.0033;495;696;0.0003
"Render.MotionVectors";0.0002;0.0001;0.0026;629;496;600;4;4;0.0686999983154237;0.0002297659;0.0001;0.0003;299;1;1;1;299;495;0.0001;0.0026;496;600;0.0002
"Physics.UpdateVehicles";0.0002;0.0001;0.0008;630;497;659;3;3;0.0230999993509613;0.00022;0.0002;0.0002;107;1;1;3;105;495;0;0.0008;793;659;0.0003
"ComputeNeedsPerObjectLights";0.0002;0;0.0009;640;557;690;5;5;0.0646999981254339;0.000216388;0.0002;0.0002;299;1;1;1;299;495;0;0.0009;557;690;0.0002
"QueuePrepareIntegrateMainThreadObjects";0.0002;0;0.0011;641;666;583;5;7;0.0600999985108501;0.0002010033;0.0002;0.0002;598;2;2;2;299;495;0;0.0007;497;583;0.0002
"Physics2D.SyncRigidbodyTransformChanges";0.0002;0.0001;0.0005;644;546;584;5;5;0.0224999993442907;0.0002142857;0.0002;0.0002;107;1;1;3;105;495;0.0001;0.0005;546;584;0.0003
"RenderTexture.SetActive";0.0002;0;0.0027;646;498;497;3;8;0.063799998461036;0.0002133779;0.0001;0.0003;2691;9;9;9;299;495;0;0.0026;495;497;0.0002
"DepthPass.Sort";0.0002;0.0001;0.0028;652;501;632;5;5;0.0413999988522846;0.0002406977;0.0002;0.0003;172;1;1;1;172;495;0.0001;0.0028;501;632;0.0001
"Physics.TriggerEnterExits";0.0002;0.0001;0.0006;656;497;793;4;4;0.0239999994155369;0.0002285714;0.0002;0.0003;107;1;1;3;105;495;0;0.0006;793;584;0.0001
"PreLateUpdate.LegacyAnimationUpdate";0.0002;0;0.0011;662;762;567;2;2;0.0698999982487294;0.0002337793;0.0001;0.0003;299;1;1;1;299;495;0;0.0011;762;567;0.0001
"EarlyUpdate.ClearIntermediateRenderers";0.0002;0.0001;0.0015;676;502;696;2;2;0.0796999984158901;0.0002665552;0.0001;0.0003;299;1;1;1;299;495;0.0001;0.0015;502;696;0.0001
"PhysX.PostThirdPassTask";0.0002;0.0001;0.0016;698;506;509;4;4;0.0407999995077262;0.0004915663;0.0001;0.001;83;1;1;1;83;495;0.0001;0.0016;506;509;0
"Initialization.UpdateCameraMotionVectors";0.0002;0.0001;0.0007;706;499;585;2;2;0.073999998094223;0.0002474916;0.0002;0.0003;299;1;1;1;299;495;0.0001;0.0007;499;585;0.0002
"PreLateUpdate.Physics2DLateUpdate";0.0002;0.0001;0.0011;718;496;683;2;2;0.078699998142838;0.0002632107;0.0002;0.0003;299;1;1;1;299;495;0.0001;0.0011;496;683;0.0002
"PostLateUpdate.ShaderHandleErrors";0.0002;0.0001;0.0012;727;521;524;2;2;0.0810999979148619;0.0002712375;0.0002;0.0003;299;1;1;1;299;495;0.0001;0.0012;521;524;0.0002
"EarlyUpdate.PerformanceAnalyticsUpdate";0.0002;0;0.0011;729;553;495;2;2;0.0813999981546658;0.0002722408;0.0001;0.0004;299;1;1;1;299;495;0;0.0011;553;495;0.0002
"TimeManager.Update";0.0002;0.0001;0.0011;730;497;644;3;3;0.0775999982142821;0.0002595318;0.0002;0.0003;299;1;1;1;299;495;0.0001;0.0011;497;644;0.0001
"PostLateUpdate.ScriptRunDelayedDynamicFrameRate";0.0002;0.0002;0.0006;731;496;780;2;2;0.0719999974244274;0.0002408027;0.0002;0.0003;299;1;1;1;299;495;0.0002;0.0006;496;780;0.0003
"Transform.GetScene";0.0002;0;0.0021;737;508;500;4;7;0.0847999979378073;0.000283612;0.0001;0.0003;598;2;2;2;299;495;0;0.002;496;500;0.0003
"FixedUpdate.LegacyFixedAnimationUpdate";0.0002;0.0001;0.001;744;518;575;2;2;0.0301999992807396;0.000287619;0.0002;0.0003;107;1;1;3;105;495;0.0001;0.001;518;575;0.0001
"Director.PrepareFrame";0.0002;0;0.0011;759;526;536;3;3;0.0798999979306245;0.0002672241;0.0002;0.0003;1709;5;5;11;299;495;0;0.0008;495;525;0.0001
"PostLateUpdate.DirectorRenderImage";0.0002;0.0002;0.0009;770;497;565;2;2;0.0814999974390958;0.0002725752;0.0002;0.0003;299;1;1;1;299;495;0.0002;0.0009;497;565;0.0002
"LightProbeProxyVolumeManager.Update";0.0002;0.0001;0.0023;781;499;793;3;3;0.0903999979564105;0.0003023411;0.0002;0.0004;299;1;1;1;299;495;0.0001;0.0023;499;793;0.0002
"EnlightenRuntimeManager.AddCustomLights";0.0002;0;0.0014;788;787;583;6;6;0.0946999978186795;0.0003167224;0.0002;0.0004;299;1;1;1;299;495;0;0.0014;787;583;0.0001
"SortingGroupManager.Update";0.0001;0;0.0006;513;495;683;3;3;0.020599999523256;6.889632E-05;0;0.0001;299;1;1;1;299;495;0;0.0006;495;683;0
"PreUpdate.CheckTexFieldInput";0.0001;0;0.0006;529;497;673;2;2;0.0196999994368525;6.588628E-05;0;0.0001;299;1;1;1;299;495;0;0.0006;497;673;0
"Terrain.UpdateSplatProperties";0.0001;0;0.0003;552;497;583;4;4;0.0183999995279009;6.153846E-05;0;0.0001;299;1;1;1;299;495;0;0.0003;497;583;0.0001
"Physics2D.SyncColliderTransformChanges";0.0001;0;0.0003;555;515;586;5;5;0.00719999981083674;6.857143E-05;0;0.0001;107;1;1;3;105;495;0;0.0003;515;586;0.0001
"CanvasUpdate.Layout";0.0001;0;0.0002;557;498;514;7;7;0.0198999994972837;6.655519E-05;0;0.0001;299;1;1;1;299;495;0;0.0002;498;514;0.0001
"PhysX.ScScene.unblockNarrowPhase";0.0001;0;0.0002;558;515;561;4;4;0.00389999990147771;7.35849E-05;0;0.0001;53;1;1;1;53;503;0;0.0002;515;561;0.0001
"TextureStreamingManager.Update";0.0001;0;0.0025;565;495;621;3;3;0.0272999992666882;9.130435E-05;0;0.0001;299;1;1;1;299;495;0;0.0025;495;621;0.0001
"addCustomLights.Invoke";0.0001;0;0.0027;582;500;593;7;7;0.0253999994893093;8.494983E-05;0;0.0001;598;2;2;2;299;495;0;0.0027;495;593;0.0001
"CanvasUpdate.PostLayout";0.0001;0;0.0008;601;497;505;7;7;0.0270999993663281;9.063545E-05;0;0.0001;299;1;1;1;299;495;0;0.0008;497;505;0.0002
"ParticleSystem.EndUpdateAll";0.0001;0;0.0008;604;498;585;3;3;0.0313999992140452;0.0001050167;0;0.0001;299;1;1;1;299;495;0;0.0008;498;585;0.0001
"EnlightenRuntimeManager.RemoveCustomLights";0.0001;0;0.0008;608;498;624;7;7;0.0324999993026722;0.0001086956;0;0.0001;299;1;1;1;299;495;0;0.0008;498;624;0.0001
"EditorConnection.RefreshObservablePlayerList";0.0001;0;0.0033;616;504;762;3;3;0.0346999991597841;0.0001160535;0;0.0001;299;1;1;1;299;495;0;0.0033;504;762;0.0003
"PhysX.ScScene.updateSimulationController";0.0001;0;0.0002;616;512;604;4;4;0.00659999983326998;8.25E-05;0.0001;0.0001;80;1;1;1;80;495;0;0.0002;512;604;0
"CanvasUpdate.LatePreRender";0.0001;0;0.0002;622;498;548;7;7;0.0252999993608682;8.461539E-05;0.0001;0.0001;299;1;1;1;299;495;0;0.0002;498;548;0.0001
"CanvasUpdate.PreRender";0.0001;0;0.0004;624;497;649;7;7;0.0264999993305537;8.862876E-05;0.0001;0.0001;299;1;1;1;299;495;0;0.0004;497;649;0.0001
"Physics.SyncColliderTransform";0.0001;0;0.0004;633;497;558;3;3;0.0100999997303006;9.619047E-05;0.0001;0.0001;107;1;1;3;105;495;0;0.0004;497;558;0.0001
"FixedUpdate.PhysicsClothFixedUpdate";0.0001;0;0.0004;641;506;495;2;2;0.0115999996705796;0.0001104762;0.0001;0.0001;107;1;1;3;105;495;0;0.0004;506;495;0.0001
"SkinnedMeshOncePerFrameUpdate";0.0001;0;0.0005;648;496;579;4;4;0.0342999992062687;0.0001147157;0;0.0002;598;2;2;2;299;495;0;0.0005;496;579;0.0002
"EarlyUpdate.ResetFrameStatsAfterPresent";0.0001;0;0.0032;665;495;761;2;2;0.0431999990687473;0.0001444816;0.0001;0.0002;299;1;1;1;299;495;0;0.0032;495;761;0
"PostLateUpdate.UpdateRectTransform";0.0001;0;0.0012;673;552;722;2;2;0.0383999990081065;0.0001284281;0.0001;0.0001;299;1;1;1;299;495;0;0.0012;552;722;0.0001
"EarlyUpdate.ProcessMouseInWindow";0.0001;0;0.0033;680;759;694;2;2;0.0405999990180135;0.0001357859;0.0001;0.0001;299;1;1;1;299;495;0;0.0033;759;694;0.0001
"PostLateUpdate.XRPostLateUpdate";0.0001;0;0.0029;681;502;632;2;2;0.0417999989513191;0.0001397993;0.0001;0.0002;299;1;1;1;299;495;0;0.0029;502;632;0.0002
"PhysX.ScScene.processNpLostTouchTask";0.0001;0;0.0014;683;584;515;4;4;0.0173999995822669;0.000355102;0.0001;0.0002;49;1;1;1;49;495;0;0.0014;584;515;0
"EarlyUpdate.GpuTimestamp";0.0001;0;0.0006;694;499;576;2;2;0.042699998972239;0.0001428094;0.0001;0.0002;299;1;1;1;299;495;0;0.0006;499;576;0.0001
"PostLateUpdate.EndGraphicsJobsAfterScriptLateUpdate";0.0001;0.0001;0.0005;699;495;577;2;2;0.0390999990413547;0.0001307692;0.0001;0.0002;299;1;1;1;299;495;0.0001;0.0005;495;577;0.0001
"PhysX.ScScene.processNPLostTouchEvents";0.0001;0;0.0013;701;616;747;4;4;0.0199000000357046;0.0003553571;0.0001;0.0008;56;1;1;1;56;495;0;0.0013;616;747;0
"Update Lights";0.0001;0;0.0004;702;498;563;3;3;0.0379999990182114;0.0001270903;0.0001;0.0002;598;2;2;2;299;495;0;0.0003;495;563;0.0001
"FixedUpdate.ClearLines";0.0001;0;0.0005;706;541;575;2;2;0.0150999996403698;0.0001438095;0.0001;0.0002;107;1;1;3;105;495;0;0.0005;541;575;0.0001
"EarlyUpdate.UpdateMainGameViewRect";0.0001;0.0001;0.0008;709;495;512;2;2;0.039899999035697;0.0001334448;0.0001;0.0002;299;1;1;1;299;495;0.0001;0.0008;495;512;0.0002
"ScheduleCullingGroups";0.0001;0;0.0007;722;737;583;4;4;0.0457999987265794;0.0001531773;0.0001;0.0002;299;1;1;1;299;495;0;0.0007;737;583;0.0001
"PostLateUpdate.InputEndFrame";0.0001;0;0.0011;728;574;565;2;2;0.046899998866138;0.0001568562;0.0001;0.0002;299;1;1;1;299;495;0;0.0011;574;565;0.0002
"CombineJobResults";0.0001;0;0.0008;732;498;502;6;8;0.042199998999422;0.0001411371;0.0001;0.0002;594;2;1;2;299;495;0;0.0008;497;502;0.0002
"Terrain.Trees.OnWillRender";0.0001;0;0.001;732;495;532;7;7;0.0436999989979086;0.0001461538;0.0001;0.0002;598;2;2;2;299;495;0;0.001;495;532;0.0001
"PhysX.ScScene.unregisterInteractions";0.0001;0;0.0009;735;741;586;4;4;0.00579999986803159;0.0001757576;0.0001;0.0002;34;1;1;2;33;495;0;0.0009;741;586;0
"FrameEvents.XREndFrame";0.0001;0;0.0008;739;496;714;3;3;0.0486999987115269;0.0001628763;0.0001;0.0002;299;1;1;1;299;495;0;0.0008;496;714;0.0001
"PreLateUpdate.DirectorUpdateAnimationEnd";0.0001;0.0001;0.0029;781;497;667;2;2;0.047499998814601;0.0001588629;0.0001;0.0002;299;1;1;1;299;495;0.0001;0.0029;497;667;0.0002
"PreLateUpdate.DirectorUpdateAnimationBegin";0.0001;0.0001;0.0025;787;496;586;2;2;0.0521999989286996;0.0001745819;0.0001;0.0002;299;1;1;1;299;495;0.0001;0.0025;496;586;0.0001
"Active Constraints";0;0;0;644;495;495;3;4;0;0;0;0;405;1;1;2;300;495;0;0;495;495;0
"Active Dynamic Bodies";0;0;0;644;495;495;3;4;0;0;0;0;405;1;1;2;300;495;0;0;495;495;0
"Active Kinematic Bodies";0;0;0;644;495;495;3;4;0;0;0;0;405;1;1;2;300;495;0;0;495;495;0
"AnimationClip Count";0;0;0;644;495;495;3;3;0;0;0;0;300;1;1;1;300;495;0;0;495;495;0
"AnimationClip Memory";0;0;0;644;495;495;3;3;0;0;0;0;300;1;1;1;300;495;0;0;495;495;0
"Articulation Bodies";0;0;0;644;495;495;3;4;0;0;0;0;405;1;1;2;300;495;0;0;495;495;0
"Asset Count";0;0;0;644;495;495;3;3;0;0;0;0;300;1;1;1;300;495;0;0;495;495;0
"Atlases";0;0;0;644;495;495;3;3;0;0;0;0;300;1;1;1;300;495;0;0;495;495;0
"Audio Reads";0;0;0;644;495;495;3;3;0;0;0;0;300;1;1;1;300;495;0;0;495;495;0
"Audio Reserved Memory";0;0;0;644;495;495;3;3;0;0;0;0;300;1;1;1;300;495;0;0;495;495;0
"Audio Used Memory";0;0;0;644;495;495;3;3;0;0;0;0;300;1;1;1;300;495;0;0;495;495;0
"AudioClip Count";0;0;0;644;495;495;3;3;0;0;0;0;300;1;1;1;300;495;0;0;495;495;0
"AudioClip Memory";0;0;0;644;495;495;3;3;0;0;0;0;300;1;1;1;300;495;0;0;495;495;0
"Broadphase Adds";0;0;0;644;495;495;3;4;0;0;0;0;405;1;1;2;300;495;0;0;495;495;0
"Broadphase Adds/Removes";0;0;0;644;495;495;3;4;0;0;0;0;405;1;1;2;300;495;0;0;495;495;0
"Broadphase Removes";0;0;0;644;495;495;3;4;0;0;0;0;405;1;1;2;300;495;0;0;495;495;0
"Colliders Synced";0;0;0;644;495;495;3;4;0;0;0;0;405;1;1;2;300;495;0;0;495;495;0
"Continuous Overlaps";0;0;0;644;495;495;3;4;0;0;0;0;405;1;1;2;300;495;0;0;495;495;0
"Discreet Overlaps";0;0;0;644;495;495;3;4;0;0;0;0;405;1;1;2;300;495;0;0;495;495;0
"Dynamic Bodies";0;0;0;644;495;495;3;4;0;0;0;0;405;1;1;2;300;495;0;0;495;495;0
"Entities Reads";0;0;0;644;495;495;3;3;0;0;0;0;300;1;1;1;300;495;0;0;495;495;0
"File Bytes Read";0;0;0;644;495;495;3;3;0;0;0;0;300;1;1;1;300;495;0;0;495;495;0
"File Bytes Written";0;0;0;644;495;495;3;3;0;0;0;0;300;1;1;1;300;495;0;0;495;495;0
"File Handles Open";0;0;0;644;495;495;3;3;0;0;0;0;300;1;1;1;300;495;0;0;495;495;0
"File Reads Finished";0;0;0;644;495;495;3;3;0;0;0;0;300;1;1;1;300;495;0;0;495;495;0
"File Reads Started";0;0;0;644;495;495;3;3;0;0;0;0;300;1;1;1;300;495;0;0;495;495;0
"File Seeks";0;0;0;644;495;495;3;3;0;0;0;0;300;1;1;1;300;495;0;0;495;495;0
"Files Closed";0;0;0;644;495;495;3;3;0;0;0;0;300;1;1;1;300;495;0;0;495;495;0
"Files Opened";0;0;0;644;495;495;3;3;0;0;0;0;300;1;1;1;300;495;0;0;495;495;0
"Game Object Count";0;0;0;644;495;495;3;3;0;0;0;0;300;1;1;1;300;495;0;0;495;495;0
"GC Allocated In Frame";0;0;0;644;495;495;3;3;0;0;0;0;300;1;1;1;300;495;0;0;495;495;0
"GC Allocation In Frame Count";0;0;0;644;495;495;3;3;0;0;0;0;300;1;1;1;300;495;0;0;495;495;0
"GC Reserved Memory";0;0;0;644;495;495;3;3;0;0;0;0;300;1;1;1;300;495;0;0;495;495;0
"GC Used Memory";0;0;0;644;495;495;3;3;0;0;0;0;300;1;1;1;300;495;0;0;495;495;0
"Gfx Reserved Memory";0;0;0;644;495;495;3;3;0;0;0;0;300;1;1;1;300;495;0;0;495;495;0
"Gfx Used Memory";0;0;0;644;495;495;3;3;0;0;0;0;300;1;1;1;300;495;0;0;495;495;0
"Global Illumination Support";0;0;0;644;495;495;3;3;0;0;0;0;300;1;1;1;300;495;0;0;495;495;0
"Material Count";0;0;0;644;495;495;3;3;0;0;0;0;300;1;1;1;300;495;0;0;495;495;0
"Material Memory";0;0;0;644;495;495;3;3;0;0;0;0;300;1;1;1;300;495;0;0;495;495;0
"Max Cache Demand";0;0;0;644;495;495;3;3;0;0;0;0;300;1;1;1;300;495;0;0;495;495;0
"Max Cache Mip Bias";0;0;0;644;495;495;3;3;0;0;0;0;300;1;1;1;300;495;0;0;495;495;0
"Mesh Count";0;0;0;644;495;495;3;3;0;0;0;0;300;1;1;1;300;495;0;0;495;495;0
"Mesh Memory";0;0;0;644;495;495;3;3;0;0;0;0;300;1;1;1;300;495;0;0;495;495;0
"Mesh Reads";0;0;0;644;495;495;3;3;0;0;0;0;300;1;1;1;300;495;0;0;495;495;0
"Missing Disk Data";0;0;0;644;495;495;3;3;0;0;0;0;300;1;1;1;300;495;0;0;495;495;0
"Missing Streaming Tiles";0;0;0;644;495;495;3;3;0;0;0;0;300;1;1;1;300;495;0;0;495;495;0
"Modified Overlaps";0;0;0;644;495;495;3;4;0;0;0;0;405;1;1;2;300;495;0;0;495;495;0
"Narrowphase Lost Touches";0;0;0;644;495;495;3;4;0;0;0;0;405;1;1;2;300;495;0;0;495;495;0
"Narrowphase New Touches";0;0;0;644;495;495;3;4;0;0;0;0;405;1;1;2;300;495;0;0;495;495;0
"Narrowphase Touches";0;0;0;644;495;495;3;4;0;0;0;0;405;1;1;2;300;495;0;0;495;495;0
"Object Count";0;0;0;644;495;495;3;3;0;0;0;0;300;1;1;1;300;495;0;0;495;495;0
"Other Reads";0;0;0;644;495;495;3;3;0;0;0;0;300;1;1;1;300;495;0;0;495;495;0
"Overlaps";0;0;0;644;495;495;3;4;0;0;0;0;405;1;1;2;300;495;0;0;495;495;0
"Physics Queries";0;0;0;644;495;495;3;4;0;0;0;0;405;1;1;2;300;495;0;0;495;495;0
"Physics Used Memory";0;0;0;644;495;495;3;4;0;0;0;0;405;1;1;2;300;495;0;0;495;495;0
"Profiler Reserved Memory";0;0;0;644;495;495;3;3;0;0;0;0;300;1;1;1;300;495;0;0;495;495;0
"Profiler Used Memory";0;0;0;644;495;495;3;3;0;0;0;0;300;1;1;1;300;495;0;0;495;495;0
"Read From Disk";0;0;0;644;495;495;3;3;0;0;0;0;300;1;1;1;300;495;0;0;495;495;0
"Reads in Flight";0;0;0;644;495;495;3;3;0;0;0;0;300;1;1;1;300;495;0;0;495;495;0
"Render Textures Bytes";0;0;0;644;495;495;3;3;0;0;0;0;300;1;1;1;300;495;0;0;495;495;0
"Render Textures Count";0;0;0;644;495;495;3;3;0;0;0;0;300;1;1;1;300;495;0;0;495;495;0
"Required Tiles";0;0;0;644;495;495;3;3;0;0;0;0;300;1;1;1;300;495;0;0;495;495;0
"Rigidbodies Synced";0;0;0;644;495;495;3;4;0;0;0;0;405;1;1;2;300;495;0;0;495;495;0
"Scene Object Count";0;0;0;644;495;495;3;3;0;0;0;0;300;1;1;1;300;495;0;0;495;495;0
"Scripting Reads";0;0;0;644;495;495;3;3;0;0;0;0;300;1;1;1;300;495;0;0;495;495;0
"Static Colliders";0;0;0;644;495;495;3;4;0;0;0;0;405;1;1;2;300;495;0;0;495;495;0
"System Used Memory";0;0;0;644;495;495;3;3;0;0;0;0;300;1;1;1;300;495;0;0;495;495;0
"Texture Count";0;0;0;644;495;495;3;3;0;0;0;0;300;1;1;1;300;495;0;0;495;495;0
"Texture Memory";0;0;0;644;495;495;3;3;0;0;0;0;300;1;1;1;300;495;0;0;495;495;0
"Texture Reads";0;0;0;644;495;495;3;3;0;0;0;0;300;1;1;1;300;495;0;0;495;495;0
"Total CPU Cache Size";0;0;0;644;495;495;3;3;0;0;0;0;300;1;1;1;300;495;0;0;495;495;0
"Total GPU Cache Size";0;0;0;644;495;495;3;3;0;0;0;0;300;1;1;1;300;495;0;0;495;495;0
"Total Reserved Memory";0;0;0;644;495;495;3;3;0;0;0;0;300;1;1;1;300;495;0;0;495;495;0
"Total Used Memory";0;0;0;644;495;495;3;3;0;0;0;0;300;1;1;1;300;495;0;0;495;495;0
"Trigger Overlaps";0;0;0;644;495;495;3;4;0;0;0;0;510;1;1;3;300;495;0;0;495;495;0
"Video Reserved Memory";0;0;0;644;495;495;3;3;0;0;0;0;300;1;1;1;300;495;0;0;495;495;0
"Video Used Memory";0;0;0;644;495;495;3;3;0;0;0;0;300;1;1;1;300;495;0;0;495;495;0
"Virtual Texture Reads";0;0;0;644;495;495;3;3;0;0;0;0;300;1;1;1;300;495;0;0;495;495;0
"PostLateUpdate.UpdateCaptureScreenshot";0;0;0.0002;697;496;529;2;2;0.00839999978779815;2.809365E-05;0;0.0001;299;1;1;1;299;495;0;0.0002;496;529;0
"Physics.Contacts";0;0;0.0002;701;497;495;4;4;0.00349999991158256;3.333333E-05;0;0.0001;107;1;1;3;105;495;0;0.0002;497;495;0
"ConstraintManager::Update::JobSetup";0;0;0.0007;713;496;524;4;4;0.0114999996949336;3.846154E-05;0;0.0001;299;1;1;1;299;495;0;0.0007;496;524;0
"CullingGroupSendEvents";0;0;0.0007;725;496;583;4;4;0.0118999997284845;3.979933E-05;0;0.0001;299;1;1;1;299;495;0;0.0007;496;583;0.0001
"Send messages";0;0;0.0006;735;496;741;4;4;0.0129999996424885;4.347826E-05;0;0.0001;299;1;1;1;299;495;0;0.0006;496;741;0
"UIEvents.AlignCanvasRectTransformWithCamera";0;0;0.0001;741;495;496;3;3;0.0118999996993807;3.979933E-05;0;0.0001;299;1;1;1;299;495;0;0.0001;495;496;0
"PostLateUpdate.ResetInputAxis";0;0;0.0001;742;496;495;2;2;0.0121999996918021;4.080268E-05;0;0.0001;299;1;1;1;299;495;0;0.0001;496;495;0
"FindShadowCastingLights";0;0;0.0003;768;497;567;7;7;0.0136999996466329;4.58194E-05;0;0.0001;299;1;1;1;299;495;0;0.0003;497;567;0
"ParticleSystem.WaitForPreviousRenderingToFinish";0;0;0.001;779;496;793;4;4;0.0183999996152124;6.153846E-05;0;0.0001;299;1;1;1;299;495;0;0.001;496;793;0.0002
